Artist,Title,Album,Genre,File ID
A Thousand Horses,(This Ain‰Ûªt No) Drunk Dial,Southernality,Country,000.wav
Easton Corbin,A Girl Like You,A Girl Like You,Country,001.wav
Delta Rae,A Long And Happy Life,A Long And Happy Life EP,Country,002.wav
Kid Rock,All Summer Long,Rock N Roll Jesus,Country,003.wav
Willie Nelson,Always On My Mind,Always On My Mind,Country,004.wav
Florida Georgia Line,Anything Goes,Anything Goes,Country,005.wav
"Reba McEntire, Lauren Daigle",Back To God,Back To God,Country,006.wav
Kenny Chesney,Bar at the End of the World,Cosmic Hallelujah,Country,007.wav
"Toby Keith, Willie Nelson",Beer For My Horses,Unleashed,Country,008.wav
Charlie Rich,Behind Closed Doors,Behind Closed Doors,Country,009.wav
Little Big Town,Better Man,Better Man,Country,010.wav
Dierks Bentley,Black,Black,Country,011.wav
Keith Urban,Blue Ain't Your Color,Ripcord,Country,012.wav
Sam Hunt,Body Like A Back Road,Body Like A Back Road,Country,013.wav
Old Dominion,Break Up with Him,Old Dominion - EP,Country,014.wav
Chris Stapleton,Broken Halos,Broken Halos,Country,015.wav
Florida Georgia Line,Confession,Anything Goes,Country,016.wav
Luke Bryan,Country Girl (Shake It For Me),Tailgates & Tanlines,Country,017.wav
Brantley Gilbert,Country Must Be Country Wide,Halfway To Heaven (Deluxe),Country,018.wav
Thomas Rhett,Crash And Burn,Crash And Burn,Country,019.wav
"Thomas Rhett, Maren Morris",Craving You,Craving You,Country,020.wav
Tammy Wynette,D-I-V-O-R-C-E,Stand By Your Man: The Very Best Of Tammy Wynette,Country,021.wav
Thomas Rhett,Die A Happy Man,Tangled Up,Country,022.wav
Jon Pardi,Dirt On My Boots,California Sunrise,Country,023.wav
Billy Currington,Do I Make You Wanna,Summer Forever,Country,024.wav
Alison Krauss,Dreaming My Dreams with You - Live,Outlaw: Celebrating the Music of Waylon Jennings (Live),Country,025.wav
Midland,Drinkin' Problem,Midland - EP,Country,026.wav
"Brad Paisley, Mick Jagger",Drive of Shame,Love and War,Country,027.wav
Dierks Bentley,Drunk On A Plane,RISER,Country,028.wav
Chris Stapleton,Either Way,From A Room: Volume 1,Country,029.wav
Carly Pearce,Every Little Thing,Every Little Thing,Country,030.wav
Luke Bryan,Fast,Kill The Lights (Deluxe),Country,031.wav
"Cole Swindell, Dierks Bentley",Flatliner (feat. Dierks Bentley),You Should Be Here,Country,032.wav
Johnny Cash,Folsom Prison Blues - Mono Version,Classic Country,Country,033.wav
Chris Lane,For Her,Girl Problems,Country,034.wav
Randy Travis,"Forever And Ever, Amen",Top 10,Country,035.wav
Jamey Johnson,Freedom to Stay - Live,Outlaw: Celebrating the Music of Waylon Jennings (Live),Country,036.wav
Chase Rice,Gonna Wanna Tonight,Ignite the Night,Country,037.wav
Florida Georgia Line,H.O.L.Y.,Dig Your Roots,Country,038.wav
Little Big Town,Happy People,The Breaker,Country,039.wav
Lee Brice,Hard To Love,Hard 2 Love,Country,040.wav
Jon Pardi,Heartache On The Dance Floor,California Sunrise,Country,041.wav
"Tim McGraw, Taylor Swift, Keith Urban",Highway Don't Care,Two Lanes Of Freedom,Country,042.wav
Zac Brown Band,Homegrown,JEKYLL + HYDE,Country,043.wav
Josh Turner,Hometown Girl,Hometown Girl,Country,044.wav
Bobby Goldsboro,Honey - 1991 - Remaster,Honey - The Best of Bobby Goldsboro,Country,045.wav
Blake Shelton,Honey Bee,Red River Blue (Deluxe),Country,046.wav
The Flying Burrito Brothers,Hot Burrito #1,The Gilded Palace Of Sin & Burritos,Country,047.wav
Tim McGraw,How I'll Always Be,Damn Country Music,Country,048.wav
Billy Joe Shaver,How Many Hearts Must You Break,Billy Joe Shaver,Country,049.wav
Dan + Shay,How Not To,Obsessed,Country,050.wav
Tim McGraw,Humble And Kind,Humble And Kind,Country,051.wav
Luke Combs,Hurricane,This One's for You - EP,Country,052.wav
Lee Brice,I Don't Dance,I Don't Dance (Deluxe Edition),Country,053.wav
Mickey Newbury,I Don't Think Much About Her No More,An American Trilogy,Country,054.wav
Rascal Flatts,I Like The Sound Of That,Rewind,Country,055.wav
Rascal Flatts,I Like The Sound Of That,Rewind,Country,056.wav
Conway Twitty,I See The Want In Your Eyes,Conway Twitty - 25 Number Ones,Country,057.wav
Johnny Cash,I Walk the Line,I Walk the Line (Original Soundtrack Recording),Country,058.wav
Chris Young,I'm Comin' Over,I'm Comin' Over,Country,059.wav
Darius Rucker,If I Told You,If I Told You,Country,060.wav
Alabama,If You're Gonna Play in Texas (You Gotta Have a Fiddle in the Band),Alabama Live,Country,061.wav
Brett Young,In Case You Didn't Know,Brett Young EP,Country,062.wav
Brothers Osborne,It Ain't My Fault,Pawn Shop,Country,063.wav
Billy Currington,It Don't Hurt Like It Used To,Summer Forever,Country,064.wav
Keith Urban,"John Cougar, John Deere, John 3:16","John Cougar, John Deere, John 3:16",Country,065.wav
Dolly Parton,Jolene,Classic Country,Country,066.wav
Phil Vassar,Just Another Day In Paradise,Greatest Hits Volume 1,Country,067.wav
"Steve Wariner, Garth Brooks",Katie Wants A Fast One,The Hits Collection: Steve Wariner,Country,068.wav
Sam Hunt,Leave The Night On,Montevallo,Country,069.wav
Canaan Smith,Like You That Way,Like You That Way,Country,070.wav
Canaan Smith,Love You Like That,Bronco,Country,071.wav
Drake White,Makin‰Ûª Me Look Good Again,Spark,Country,072.wav
Kip Moore,More Girls Like You,More Girls Like You,Country,073.wav
Luke Bryan,Move,Kill The Lights,Country,074.wav
Jerry Jeff Walker,Mr. Bojangles,Mr. Bojangles,Country,075.wav
Dylan Scott,My Girl,Dylan Scott,Country,076.wav
Zac Brown Band,My Old Man,My Old Man,Country,077.wav
Jason Aldean,Night Train,Night Train,Country,078.wav
David Nail,Night's On Fire,Fighter,Country,079.wav
Old Dominion,No Such Thing as a Broken Heart,No Such Thing as a Broken Heart,Country,080.wav
Willie Nelson,On the Road Again,Greatest Hits (& Some That Will Be),Country,081.wav
"Merle Haggard, Willie Nelson",Pancho and Lefty,The Essential Merle Haggard: The Epic Years,Country,082.wav
A Thousand Horses,Preachin' To The Choir,Preachin' To The Choir,Country,083.wav
Eric Church,Record Year,Mr. Misunderstood,Country,084.wav
Dierks Bentley,Riser,RISER,Country,085.wav
Lauren Alaina,Road Less Traveled,Crowd Pleasers,Country,086.wav
Eric Church,Round Here Buzz,Mr. Misunderstood,Country,087.wav
Big & Rich,Run Away With You,Gravity,Country,088.wav
Randy Houser,Runnin' Outta Moonlight,How Country Feels,Country,089.wav
Blake Shelton,Sangria,BRINGING BACK THE SUNSHINE,Country,090.wav
Brett Young,Sleep Without You,Brett Young EP,Country,091.wav
Old Dominion,Snapback,Snapback,Country,092.wav
Justin Moore,Somebody Else Will,Kinda Don't Care,Country,093.wav
Dierks Bentley,Somewhere On A Beach,Black,Country,094.wav
Old Dominion,Song for Another Time,Meat and Candy,Country,095.wav
Alabama,Song of the South,Livin' Lovin' Rockin' Rollin': The 25th Anniversary Collection,Country,096.wav
Tim McGraw,Southern Girl,Two Lanes Of Freedom,Country,097.wav
"Tim McGraw, Faith Hill",Speak to a Girl,Speak to a Girl,Country,098.wav
Eric Church,Springsteen,Chief,Country,099.wav
Thomas Rhett,Star Of The Show,Star Of The Show,Country,100.wav
Kris Kristofferson,Sunday Mornin' Comin' Down,Kristofferson,Country,101.wav
Thomas Rhett,T-Shirt,Tangled Up,Country,102.wav
Sam Hunt,Take Your Time,Montevallo,Country,103.wav
"Keith Urban, Carrie Underwood",The Fighter,Ripcord,Country,104.wav
Morgan Wallen,The Way I Talk,The Way I Talk,Country,105.wav
Brantley Gilbert,The Weekend,The Weekend,Country,106.wav
Trent Harmon,There‰Ûªs A Girl,There‰Ûªs A Girl,Country,107.wav
Walker McGuire,Til Tomorrow,Til Tomorrow,Country,108.wav
Brad Paisley,Today,Today,Country,109.wav
Kenny Chesney,Trip Around the Sun,Cosmic Hallelujah,Country,110.wav
Old Crow Medicine Show,Visions of Johanna (Live),50 Years of Blonde on Blonde (Live),Country,111.wav
Darius Rucker,Wagon Wheel,True Believers,Country,112.wav
Keith Whitley,When You Say Nothing at All,Greatest Hits,Country,113.wav
The Carter Family,Wildwood Flower,Wildwood Flower (From the documentary series American Epic),Country,114.wav
Neal McCoy,Wink,No Doubt About It,Country,115.wav
Kelsea Ballerini,Yeah Boy,The First Time,Country,116.wav
Lady Antebellum,You Look Good,You Look Good,Country,117.wav
Rascal Flatts,Yours If You Want It,Yours If You Want It,Country,118.wav
Russell Dickerson,Yours,Yours,Country,119.wav
moderat,a new error,moderat,Electronic,120.wav
Ben Pearce,What Might I Do (Club Mix),www.deepology.org,Electronic,121.wav
S-Type,Billboard,Billboard EP,Electronic,122.wav
Jamie xx,Far Nearer,"Far Nearer / Beat For 7""",Electronic,123.wav
Mount Kimbie,Home Recording,Cold Spring Fault Less Youth,Electronic,124.wav
Julio Bashmore,Ribble To Amazon,Batty Knee Dance EP,Electronic,125.wav
Disclosure,Tenderly,Tenderly/Flow,Electronic,126.wav
Hot Butter,Popcorn,Best Of Moog - Electronic Pop Hits From The 60's & 70's,Electronic,127.wav
moderat,rusty nails,moderat,Electronic,128.wav
Disclosure,Flow,Tenderly/Flow,Electronic,129.wav
Lapalux,Jaw Jackin',Some Other Time,Electronic,130.wav
Hudson Mohawke,Very First Breath (feat. Irfane),Lantern,Electronic,131.wav
TNGHT,Higher Ground,TNGHT EP,Electronic,132.wav
Ta-ku,When I Met You,LATENYC,Electronic,133.wav
Modeselektor,happy birthday,Happy Birthday,Electronic,134.wav
Ta-ku,Hey Justin,RE ìÙ TWERK,Electronic,135.wav
Calvin Harris,Flashback (Goldie Remix),Vacayvitamins.com,Electronic,136.wav
Hudson Mohawke,Scud Books,Lantern,Electronic,137.wav
Nosaj Thing,Try ft Toro y Moi,Home,Electronic,138.wav
Aphex Twin,PAPAT4 (Pineal Mix),Syro,Electronic,139.wav
Modeselektor,black block,Happy Birthday,Electronic,140.wav
Flying Lotus,Camel,Los Angeles,Electronic,141.wav
Nosaj Thing,Aquarium,Views/Octopus EP,Electronic,142.wav
Flume,Warm Thoughts,Flume,Electronic,143.wav
Luke Vibert,Acage,Ridmik,Electronic,144.wav
Adriatique,Space Knights (Original mix),Space Knights WEB,Electronic,145.wav
Aphex Twin,XMAS_EVET10 (Thanaton3 Mix),Syro,Electronic,146.wav
Burial,Archangel,Untrue,Electronic,147.wav
MSTRKRFT,Armand Van Helden - NYC Beat,Remixes,Electronic,148.wav
Ryan Hemsworth,BasedWorld,Thissongissick.com,Electronic,149.wav
FaltyDL,Bells,Hardcourage,Electronic,150.wav
Bicep,Just,Just EP,Electronic,151.wav
Caribou,Can't Do Without You,Our Love,Electronic,152.wav
James Blake,CMYK,CMYK EP,Electronic,153.wav
Com Truise,Open,In Decay,Electronic,154.wav
Daft Punk,One More Time,Discovery,Electronic,155.wav
Deadmau5,Faxing Berlin,At Play,Electronic,156.wav
Ramadanman,Don't Change for Me,Ramadanman EP,Electronic,157.wav
Disclosure,F For You (Onra Remix),Unknown Album,Electronic,158.wav
BenZel,Fallin Love (Cashmere Cat Remix),cvshmerecvt.com,Electronic,159.wav
Fatboy Slim,"Right Here,Right Now",The Best Dance Hits Of 90's-3,Electronic,160.wav
Fatima Yamaha,Half Moon Rising,Fatima Yamaha DONE061,Electronic,161.wav
Flume,Sleepless,Flume: Deluxe Edition,Electronic,162.wav
Flying Lotus,Do The Astral Plane,Cosmogramma,Electronic,163.wav
George FitzGerald,Full Circle (feat. Boxed In),Fading Love,Electronic,164.wav
Hudson Mohawke,FUSE,Butter,Electronic,165.wav
"Roy Davis Jr., Peven Everett",Gabriel (Live Garage Version),Pay Close Attention : XL Recordings,Electronic,166.wav
Lauer,Gammelan,Borndom,Electronic,167.wav
Basenji,Heirloom,Heirloom,Electronic,168.wav
"Grandtheft, Sleepy Tom",Hold On,Quit This City,Electronic,169.wav
HOME,We're Finally Landing,Before The Night,Electronic,170.wav
HOME,Above All,Before The Night,Electronic,171.wav
Joy Orbison,Hyph Mngo,Hyph Mngo,Electronic,172.wav
Mano Le Tough,In My Arms - Original Mix,In My Arms,Electronic,173.wav
Max Graef,Itzehoe,Rivers Of The Red Planet,Electronic,174.wav
Lxury,J.A.W.S.,J.A.W.S,Electronic,175.wav
Disclosure,Jaded,Caracal (Deluxe),Electronic,176.wav
John Talabot,So Will Be Now  feat. Pional ,®Õin,Electronic,177.wav
Julio Bashmore,Au Seve,Unknown Album,Electronic,178.wav
Untitled Gear,Just Better,White Nite,Electronic,179.wav
Karma Kid ,Delight in Delaware (Mastered),Unknown Album,Electronic,180.wav
Les Sins,Grind,Grind / Prelims,Electronic,181.wav
"Tame Impala, Soulwax",Let It Happen - Soulwax Remix,Let It Happen (Soulwax Remix),Electronic,182.wav
Frits Wentink,Ligament,Family Dinner EP,Electronic,183.wav
Nautiluss,Lonely Planet,Ghostly Swim 2,Electronic,184.wav
Luciano,Rise Of Angel (Original Mix),www.minimalistica.org,Electronic,185.wav
Ifan Dafydd,Miranda,http://hedmuk.blogspot.com,Electronic,186.wav
HNNY,Most Really Pretty Girls Have Pretty Ugly Feet,If This Is House I Want My Money Back 3,Electronic,187.wav
David August,Moving Day,Instant Harmony EP,Electronic,188.wav
DJ Koze,Nices WÌ_lkchen (feat. Apparat),Amygdala,Electronic,189.wav
Moon Boots,No One,Unknown Album,Electronic,190.wav
HNNY,Nothing - Original Mix,Nothing,Electronic,191.wav
"Duck Sauce, Hudson Mohawke",NRG - Hudson Mohawke Remix,NRG (Remixes),Electronic,192.wav
Pional,Of My Mind,When Love Hurts,Electronic,193.wav
Claro Intelecto,Peace of Mind (Electrosoul),Peace of Mind,Electronic,194.wav
Cyril Hahn,Perfect_Form_ft._Shy_Girls,Unknown Album,Electronic,195.wav
Kavinsky,ProtoVision,OutRun,Electronic,196.wav
Jacques Greene,Quicksand,On Your Side,Electronic,197.wav
"Grandtheft, Lowell",Quit This City (feat. Lowell),Quit This City,Electronic,198.wav
Justice,Randy (Radio Edit),Randy (Radio Edit),Electronic,199.wav
Ratatat,Seventeen Years,Ratatat,Electronic,200.wav
Ratatat,Wildcat,Classics,Electronic,201.wav
Actress,Redit 124,Hazyville,Electronic,202.wav
Riohv,Redux,Green Room,Electronic,203.wav
Ten Walls,Requiem,Requiem,Electronic,204.wav
"Hudson Mohawke, Jhene Aiko",Resistance,Lantern,Electronic,205.wav
Ryan Hemsworth,Snow in Newark (with Dawn Golden),Alone for the First Time,Electronic,206.wav
Justice,Safe and Sound,Safe and Sound,Electronic,207.wav
Fort Romeau,Secrets & Lies,Secrets & Lies,Electronic,208.wav
Bag Raiders,Shooting Stars,Bag Raiders (Deluxe),Electronic,209.wav
Frits Wentink,Shrewd,Family Dinner EP,Electronic,210.wav
George FitzGerald,Silhouette,Silhouette,Electronic,211.wav
Siriusmo,Discosau,Pearls & Embarrassments: 2000-2010 Disc 2,Electronic,212.wav
Siriusmo,Gummiband ,Pearls & Embarrassments: 2000-2010 Disc 1,Electronic,213.wav
"Cosmo's Midnight, Wild Eyed Boy",Snare,Moments - EP,Electronic,214.wav
"John Talabot, Pional",So Will Be Now... feat. Pional,Fin - Special Edition,Electronic,215.wav
Solomun,Friends,Unknown Album,Electronic,216.wav
Ten Walls,Sparta,Sparta,Electronic,217.wav
Andhim,Super,Super,Electronic,218.wav
Nicolas Jaar,Swim,Nymphs III,Electronic,219.wav
Ross from Friends,Talk To Me You'll Understand,You'll Understand,Electronic,220.wav
Totally Enormous Extinct Dinosaurs,Tapes & Money,Trouble,Electronic,221.wav
Lauer,Tearsh,Tearsh,Electronic,222.wav
Weval,The Battle,The Battle,Electronic,223.wav
Detroit Swindle,The Break Up - Original Mix,Break Up To Make Up,Electronic,224.wav
Tiger & Woods,The Stopper,Scoring Clubs Pt. 1 EP,Electronic,225.wav
Armand Van Helden,U Don't Know Me,2 Future 4 U,Electronic,226.wav
Vektroid,Splash,Neo Cali,Electronic,227.wav
Daft Punk,Voyager,Discovery,Electronic,228.wav
"Cosmo's Midnight, KU€ÎKA, Koa",Walk With Me - KOA Remix,Walk With Me - Remixes,Electronic,229.wav
Lo-Fi-Fnk,Want U,The Last Summer,Electronic,230.wav
"HONNE, Embody",Warm On A Cold Night - Embody Remix,Warm On A Cold Night EP,Electronic,231.wav
San Holo,We Rise,We Rise,Electronic,232.wav
Ben Pearce,What I Might Do - Kilter Remix,What I Might Do (Remixes Volume II),Electronic,233.wav
C.Z. & LiL TExAS,What You Want (Final),What You Want (Single),Electronic,234.wav
Fatima Yamaha,What's a Girl to Do,A Girl Between Two Worlds,Electronic,235.wav
Fatlip,What's Up Fatlip? - Breakbot RMX,RMXXOLOGY,Electronic,236.wav
DJ Boring,Winona,Winona,Electronic,237.wav
Bondax,You're So,You‰Ûªre So,Electronic,238.wav
Weval,You‰Ûªre Mine,You‰Ûªre Mine,Electronic,239.wav
Danny Brown,Kush Coma (Produced By Skywlkr),Kush Coma (Single),Hip Hop/Rap,240.wav
Wu-Tang Clan,Shame On A Nigga,Enter The Wu-Tang,Hip Hop/Rap,241.wav
Kendrick Lamar,DNA.,DAMN.,Hip Hop/Rap,242.wav
Slick Rick,Street Talkin' (feat. OutKast),The Art Of Storytelling,Hip Hop/Rap,243.wav
OutKast,"So Fresh, So Clean (Prod. Organized Noize)",Stankonia,Hip Hop/Rap,244.wav
Kendrick Lamar,ELEMENT.,DAMN.,Hip Hop/Rap,245.wav
Chance The Rapper,Juice,Acid Rap,Hip Hop/Rap,246.wav
Action Bronson,City Boy Blues (Feat. Chauncy Sherod),Mr. Wonderful,Hip Hop/Rap,247.wav
Hodgy Beats,If Heaven is a Ghetto,Untitled EP,Hip Hop/Rap,248.wav
Mobb Deep,Up North Trip,The Infamous,Hip Hop/Rap,249.wav
Kanye West,Waves,The Life of Pablo,Hip Hop/Rap,250.wav
Joey Bada$$,#LongLiveSteelo [Prod. By Kirk Knight],Joey Bada$$ - Summer Knights,Hip Hop/Rap,251.wav
Three 6 Mafia,All Or Nothin,Mystic Stylez [Prophet],Hip Hop/Rap,252.wav
A Tribe Called Quest,Can I Kick It?,?,Hip Hop/Rap,253.wav
A Tribe Called Quest,Find A Way,The Anthology,Hip Hop/Rap,254.wav
A Tribe Called Quest,Oh My God,The Best of A Tribe Called Quest,Hip Hop/Rap,255.wav
ASAP Rocky,Long Live A$AP ,Long.Live.ASAP,Hip Hop/Rap,256.wav
Madvillain,Accordian,Madvillainy,Hip Hop/Rap,257.wav
Ludacris,Act A Fool,2 Fast 2 Furious (Soundtrack),Hip Hop/Rap,258.wav
Action Bronson,Brand New Car,Mr. Wonderful,Hip Hop/Rap,259.wav
Madvillain,All Caps,Madvillainy,Hip Hop/Rap,260.wav
A Tribe Called Quest,Award Tour,Midnight Marauders,Hip Hop/Rap,261.wav
"Nappy Roots, Jazze Pha",Awnaw [All Hooks Up Version],"Watermelon, Chicken & Gritz [U.S. Explicit Version]",Hip Hop/Rap,262.wav
"Migos, Lil Uzi Vert",Bad and Boujee (feat. Lil Uzi Vert),Culture,Hip Hop/Rap,263.wav
Beastie Boys,(You Gotta) Fight For Your Right (To Party),De Complete Top 40 1987,Hip Hop/Rap,264.wav
Beastie Boys,Body Movin',Hello Nasty,Hip Hop/Rap,265.wav
Bryson Tiller,Been That Way,T R A P S O U L,Hip Hop/Rap,266.wav
Run The Jewels,Blockbuster Night Part 1,Run the Jewels 2,Hip Hop/Rap,267.wav
Vince Staples,Blue Suede,Hell Can Wait,Hip Hop/Rap,268.wav
"D.R.A.M., Lil Yachty",Broccoli,Broccoli (feat. Lil Yachty) - Single,Hip Hop/Rap,269.wav
2Pac,California Love,Urban Beats Vol.3,Hip Hop/Rap,270.wav
D.R.A.M.,Cash Machine,Cash Machine - Single,Hip Hop/Rap,271.wav
"Drake,RichHomieQuan,KevinGates,FrenchMontana",Chance The Rapper - Cold Stares,Diamond Cuttz 34,Hip Hop/Rap,272.wav
"2Pac, Talent",Changes,Greatest Hits,Hip Hop/Rap,273.wav
Slick Rick,Children's Story,Best Of,Hip Hop/Rap,274.wav
Danny Brown,Radio Song,XXX,Hip Hop/Rap,275.wav
Danny Brown,Smokin' & Drinkin',Old,Hip Hop/Rap,276.wav
Kid Cudi,Day 'N' Nite (nightmare) - Original,Man On The Moon: The End Of Day,Hip Hop/Rap,277.wav
"Post Malone, Justin Bieber",Deja Vu,Deja Vu,Hip Hop/Rap,278.wav
"Snakehips, Tory Lanez",DÌ_melo,All My Friends - EP,Hip Hop/Rap,279.wav
Bryson Tiller,Don't,T R A P S O U L,Hip Hop/Rap,280.wav
Mac Miller,Donald Trump,Best Day Ever (5th Anniversary Remastered Edition),Hip Hop/Rap,281.wav
J Dilla,E=MC2 feat. Common,The Shining,Hip Hop/Rap,282.wav
"Jay Rock, Kendrick Lamar, SZA",Easy Bake (feat. Kendrick Lamar & SZA),90059,Hip Hop/Rap,283.wav
Jay Electronica,Exhibit A,Exhibit A,Hip Hop/Rap,284.wav
N.W.A.,Express Yourself - Remix;,N.W.A. Greatest Hits (World),Hip Hop/Rap,285.wav
Drake,Fake Love,Fake Love,Hip Hop/Rap,286.wav
Slum Village,Fall In Love,"Fantastic, Vol. 2.10",Hip Hop/Rap,287.wav
J. Cole,False Prophets,False Prophets,Hip Hop/Rap,288.wav
Drake,Feel No Ways,Views,Hip Hop/Rap,289.wav
Slum Village,Get Dis Money,"Fan-Tas-Tic, Vol. 2",Hip Hop/Rap,290.wav
"Ying Yang Twins, Lil Jon & The East Side Boyz",Get Low,Kings Of Crunk,Hip Hop/Rap,291.wav
"Denzel Curry, Twelve'len, Nell",Good Night,Imperial,Hip Hop/Rap,292.wav
Wu-Tang Clan,Gravel Pit,Legend Of The Wu-Tang: Wu-Tang Clan's Greatest Hits,Hip Hop/Rap,293.wav
Madvillain,Great Day,Madvillainy,Hip Hop/Rap,294.wav
Rakim,Guess Who's Back,The 18th Letter / The Book Of Life,Hip Hop/Rap,295.wav
Jay Rock,Gumbo,90059,Hip Hop/Rap,296.wav
ScHoolboy Q,Hell Of A Night,Oxymoron (Deluxe),Hip Hop/Rap,297.wav
Mos Def,Hip Hop,Black On Both Sides,Hip Hop/Rap,298.wav
Black Moon,How Many MC's...,Enta da Stage,Hip Hop/Rap,299.wav
"The Game, 50 Cent",How We Do,The Documentary,Hip Hop/Rap,300.wav
Ice Cube,It Was A Good Day,The Predator,Hip Hop/Rap,301.wav
Rakim,It's Been A Long Time,The 18th Letter / The Book Of Life,Hip Hop/Rap,302.wav
J. Cole ,Wet Dreamz,Forest Hills Drive,Hip Hop/Rap,303.wav
OutKast,Jazzy Belle,ATLiens,Hip Hop/Rap,304.wav
Kanye West,Real Friends,The Life of Pablo,Hip Hop/Rap,305.wav
KMD,Peachfuzz,Mr. Hood,Hip Hop/Rap,306.wav
Lil Jon & The Eastside Boyz,Stop Trippin (Feat. Ludacris) ,Certified Crunk,Hip Hop/Rap,307.wav
Logic,Never Enough,Under Pressure,Hip Hop/Rap,308.wav
Camp Lo,Luchini Aka This Is It,Profilin': The Hits,Hip Hop/Rap,309.wav
LL Cool J,Mama Said Knock You Out,Mama Said Knock You Out,Hip Hop/Rap,310.wav
Mos Def,Mathematics,Black On Both Sides,Hip Hop/Rap,311.wav
Jeru The Damaja,Me Or The Papes,Wrath Of The Math,Hip Hop/Rap,312.wav
Gang Starr,Moment Of Truth,Moment Of Truth,Hip Hop/Rap,313.wav
Mos Def,Ms. Fat Booty,Black On Both Sides,Hip Hop/Rap,314.wav
Unknown Artist,Notorious B.I.G. (Biggie) - Hypnotized,Unknown Album,Hip Hop/Rap,315.wav
Outkast                       ,Ms Jackson                    ,Stankonia                     ,Hip Hop/Rap,316.wav
Desiigner,Panda,New English,Hip Hop/Rap,317.wav
OutKast,Player's Ball,Southernplayalisticadillacmuzik,Hip Hop/Rap,318.wav
G-Unit,Poppin' Them Thangs,Beg For Mercy,Hip Hop/Rap,319.wav
Post Malone,White Iverson,Post Malone,Hip Hop/Rap,320.wav
Project Pat,Project Pat - Murderers & Robbers - 06 - Bitch Smackin Killa,Murderers & Robbers,Hip Hop/Rap,321.wav
D12,Purple Pills,Devils Night,Hip Hop/Rap,322.wav
Big L,Put It On,Lifestylez Ov Da Poor & Dangerous,Hip Hop/Rap,323.wav
Fugees,Ready or Not,The Score,Hip Hop/Rap,324.wav
Eazy-E,Real Muthaphuckkin G's,It's On (Dr. Dre) 187um Killa,Hip Hop/Rap,325.wav
"Warren G, Nate Dogg",Regulate,Regulate‰Û_ G Funk Era (Special Edition),Hip Hop/Rap,326.wav
"Chamillionaire, Krayzie Bone",Ridin',The Sound of Revenge,Hip Hop/Rap,327.wav
Run DMC,It's Like That,Playlist (The Very Best Of Run DMC) [by Hillside],Hip Hop/Rap,328.wav
The Pharcyde,Runnin',Labcabincalifornia (Deluxe Edition),Hip Hop/Rap,329.wav
Unknown Artist,Salt 'N Peppa with TLC - Whatta Man,Unknown Album,Hip Hop/Rap,330.wav
"Tyler, The Creator",Sandwitches (Featuring Hodgy Beats),Goblin (Deluxe Edition),Hip Hop/Rap,331.wav
Vince Staples,SeÌ±orita,Summertime '06,Hip Hop/Rap,332.wav
Onyx,Slam,Bacdafucup,Hip Hop/Rap,333.wav
"Youngbloodz, Sean Paul, E-40, Lil Jon",Snap Yo Fingers,Snap Yo Fingers - Single,Hip Hop/Rap,334.wav
"Dr. Dre, Snoop Dogg",Still D.R.E.,2001,Hip Hop/Rap,335.wav
Madvillain,Strange Ways,Madvillainy,Hip Hop/Rap,336.wav
"ScHoolboy Q, BJ The Chicago Kid",Studio,Oxymoron (Deluxe),Hip Hop/Rap,337.wav
G-Unit,Stunt 101,Beg For Mercy,Hip Hop/Rap,338.wav
Kendrick Lamar,Swimming Pools (Drank),Swimming Pools (Drank),Hip Hop/Rap,339.wav
Common,The Light,Go! Common Classics,Hip Hop/Rap,340.wav
"Grandmaster Flash & The Furious Five, The Furious Five, Duke Bootee, Grandmaster Melle Mel",The Message (feat. Melle Mel & Duke Bootee),Rhino Hi-Five: Grandmaster Flash,Hip Hop/Rap,341.wav
"Jaylib, Madlib, J Dilla",The Official,Champion Sound,Hip Hop/Rap,342.wav
The Pharcyde,Oh Shit,Bizarre Ride Ii The Pharcyde,Hip Hop/Rap,343.wav
The Pharcyde,Passing Me By,Bizarre Ride Ii The Pharcyde,Hip Hop/Rap,344.wav
"Jaylib, Madlib, J Dilla",The Red,Champion Sound,Hip Hop/Rap,345.wav
Nas,The World Is Yours,Illmatic XX,Hip Hop/Rap,346.wav
Machine Gun Kelly,Till I Die,General Admission,Hip Hop/Rap,347.wav
Tyga,Make It Nasty,Careless World,Hip Hop/Rap,348.wav
Denzel Curry,ULT,Imperial,Hip Hop/Rap,349.wav
Unknown Artist,Unknown Title,Unknown Album,Hip Hop/Rap,350.wav
Q-Tip,Vivrant Thing - Club Mix,Something From Nothing: The Art of Rap,Hip Hop/Rap,351.wav
Kanye West,Waves,The Life Of Pablo,Hip Hop/Rap,352.wav
Kurupt,We Can Freak It,Kuruption!,Hip Hop/Rap,353.wav
Black Milk,What It's Worth,If There's a Hell Below,Hip Hop/Rap,354.wav
"Dr. Dre, Eminem, Xzibit",What's The Difference,2001,Hip Hop/Rap,355.wav
Ice Cube,Why We Thugs,"Laugh Now, Cry Later",Hip Hop/Rap,356.wav
Xzibit,X,Restless,Hip Hop/Rap,357.wav
"Tyler, The Creator",Yonkers,Goblin (Deluxe Edition),Hip Hop/Rap,358.wav
"Denzel Curry, Joey Bada$$",Zenith,Imperial,Hip Hop/Rap,359.wav
Miles Davis,'Round Midnight,'Round About Midnight,Jazz,360.wav
Herbie Hancock,Maiden Voyage,Maiden Voyage,Jazz,361.wav
Lonnie Liston Smith,Expansions,Mastercuts: Classic Jazz-Funk 01,Jazz,362.wav
Ronnie Laws,Always There,Mastercuts: Classic Jazz-Funk 01,Jazz,363.wav
Wes Montgomery,Far Wes,Blue Jazz Guitar CD2,Jazz,364.wav
Django Reinhardt,Nuits de Saint-Germain-des-pres,Blue Jazz Guitar CD2,Jazz,365.wav
Fats Navarro,Good Bait,Blowing At The Royal Roost,Jazz,366.wav
 Dizzy Gillespie,The Heat's On,First Class Jazz,Jazz,367.wav
Azymuth,Jazz Carnival,Mastercuts: Classic Jazz-Funk 01,Jazz,368.wav
Tal Farlow,Yardbird Suite,Blue Jazz Guitar CD2,Jazz,369.wav
Bill Evans,Some Other Time,Waltz for Debby,Jazz,370.wav
Wes Montgomery,Fingerpickin‰Ûª,Blue Jazz Guitar CD2,Jazz,371.wav
Herb Ellis,Soft Winds,Blue Jazz Guitar CD2,Jazz,372.wav
Charlie Byrd,Moonlight In Vermont,Blue Jazz Guitar CD2,Jazz,373.wav
Stan Getz & Joao Gilberto,Desafinado,The Chillout Album Vol.3 - CD2,Jazz,374.wav
Django Reinhardt,Insensiblement,Blue Jazz Guitar CD2,Jazz,375.wav
Ray Bryant,A Hundred Dreams from Now,A Hundred Dreams from Now,Jazz,376.wav
"Stan Getz, Bob Brookmeyer",A Nightingale Sang In Berkeley Square,More Stan Getz For Lovers,Jazz,377.wav
Etta James,A Sunday Kind Of Love - Single Version,At Last!,Jazz,378.wav
Fats Waller,Ain't Misbehavin,1934-1943 - Ain't Misbehavin,Jazz,379.wav
Dizzy Gillespie,All The Things You Are,Odyssey 1945-1952,Jazz,380.wav
Art Blakey,Along Came Betty,Along Came Betty,Jazz,381.wav
"Tommy Flanagan, Ron Carter & Tony Williams",Angel Eyes,The Trio,Jazz,382.wav
Art Blakey & The Jazz Messengers,Moanin',The Best of Art Blakey,Jazz,383.wav
Art Tatum,Tiger Rag,The Piano Starts Here,Jazz,384.wav
Grace Kelly,Ballad for MC,Trying to Figure It Out,Jazz,385.wav
Artie Shaw,Begin The Beguine,The Essential Artie Shaw,Jazz,386.wav
Weather Report,Birdland,Heavy Weather,Jazz,387.wav
Keith Jarrett,Birth,Les Incontournables du Jazz,Jazz,388.wav
Dan Robinson,Blue Monk,Keep Cool with Jazz Classics Vol.2 (The Greatest Classic Jazz & Calm Jazz Moods),Jazz,389.wav
Chuck Wayne,Blue Serge,Jazz Guitar Legends,Jazz,390.wav
Buddy Rich,Straight No Chaser,Time Being,Jazz,391.wav
Herbie Hancock,Cantaloupe Island,Cantaloupe Island,Jazz,392.wav
Herbie Hancock,Chameleon,Head Hunters,Jazz,393.wav
Charles Mingus,Jelly Roll,Mingus Ah Um,Jazz,394.wav
Charlie Parker,Lover Man,The Bird,Jazz,395.wav
"Ella Fitzgerald, Louis Armstrong",Cheek To Cheek,ELLA & LOUIS The Very Best Of Ella Fitzgerald & Louis Armstrong,Jazz,396.wav
"Jaco Pastorius, Peter LÌ_bke, BirÌ©li LagrÌ¬ne",Chicken,Broadway Blues,Jazz,397.wav
"Stan Getz, JoÌ£o Gilberto, Astrud Gilberto, AntÌ«nio Carlos Jobim",Corcovado - Quiet Nights Of Quiet Stars,Getz/Gilberto (Expanded Edition),Jazz,398.wav
Freddie Hubbard,Dedicated To You,The Body & The Soul,Jazz,399.wav
Hank Mobley Quartet,Don't Walk (Remastered),Hard Bop Classics,Jazz,400.wav
Ibrahim Maalouf,Doubts 2,Wind,Jazz,401.wav
David Halliday,Dreamsville,Dreamsville,Jazz,402.wav
Marcos Valle,Ele E Ela,Bis Bossa Nova - Marcos Valle,Jazz,403.wav
Miles Davis,Flamenco Sketches,Kind Of Blue (Legacy Edition),Jazz,404.wav
Teddy Wilson,Fools Rush In,The Noble Art Of Teddy Wilson,Jazz,405.wav
Wayne Shorter,Footprints,The Best Of Wayne Shorter,Jazz,406.wav
Wes Montgomery,Four On Six,Incredible Jazz Guitar,Jazz,407.wav
Miles Davis,Freddie Freeloader,Kind Of Blue (Legacy Edition),Jazz,408.wav
Art Blakey & The Jazz Messengers,Free For All,Hard Bop Classics,Jazz,409.wav
Bill Evans,Gary's Theme - Remastered,You Must Believe In Spring (US & International Release),Jazz,410.wav
John Coltrane,Giant Steps,The Very Best Of John Coltrane,Jazz,411.wav
Dan Cray Trio,Good Morning.Goodbye,Save US,Jazz,412.wav
Charles Mingus,Goodbye Pork Pie Hat,Ah Um,Jazz,413.wav
Dizzy Gillespie,Groovin' High,Absolutely The Best: Dizzy Gillespie,Jazz,414.wav
Hank Mobley,Dig dis,Soul Station,Jazz,415.wav
Herbie Hancock,Dolphin Dance,Dedication,Jazz,416.wav
"Colton Weatherston, Dave Bennett, Evan Peri, Julien Labro, Paul Brady, Shannon Wade",Honeysuckle Rose,Hot Club Of Detroit,Jazz,417.wav
Earl Hines,I Ain't Got Nobody,Jazzuela. Julio CortÌÁzar y el Jazz,Jazz,418.wav
Oscar Peterson Trio,I Got It Bad And That Ain't Good,Night Train (Expanded Edition),Jazz,419.wav
Chet Baker,If You Could See Me Now,Chet [Keepnews Collection],Jazz,420.wav
"Duke Ellington, John Coltrane",In A Sentimental Mood,Duke Ellington & John Coltrane,Jazz,421.wav
Wes Montgomery,In Your Own Sweet Way,Wes Montgomery Plays For Lovers,Jazz,422.wav
Joe Jackson,"Jack, You're Dead!",Jumpin' Jive,Jazz,423.wav
John Coltrane,Acknowledgement,A Love Supreme,Jazz,424.wav
George Benson,Just One Of Those Things,Inspiration (A Tribute To Nat King Cole),Jazz,425.wav
Quincy Jones,Let The Good Times Roll,Q's Jook Joint,Jazz,426.wav
Ann Hampton Callaway,Let's Fall In Love,To Ella With Love,Jazz,427.wav
Yusef Lateef,Like It Is - Remastered,The Blue Yusef Lateef,Jazz,428.wav
Idris Muhammad,Loran's Dance,Power Of Soul,Jazz,429.wav
Cannonball Adderley,Love For Sale,Somethin' Else (Rudy Van Gelder Edition),Jazz,430.wav
Bunk Johnson,Low Down Blues,Masters of Classic Jazz: Dixieland,Jazz,431.wav
Dizzy Gillespie,Manteca - 1994 Remastered,The Complete RCA Victor Recordings,Jazz,432.wav
Yellowjackets,Matinee Idol,Yellowjackets,Jazz,433.wav
Kenny Burrell,Midnight Blue,Hard Bop Classics,Jazz,434.wav
Miles Davis,Blue In Green,Kind Of Blue,Jazz,435.wav
Scott Hamilton,Min Soldat (My Soldier),Swedish Ballads... & More,Jazz,436.wav
Stan Getz,Misty,Sony Jazz Collection,Jazz,437.wav
"Branford Marsalis Quartet, Terence Blanchard",Mo' Better Blues,MUSIC FROM MO' BETTER BLUES,Jazz,438.wav
Charles Mingus,Moanin',Blues & Roots,Jazz,439.wav
"Louis Armstrong, Duke Ellington",Mood Indigo,The Complete Louis Armstrong - Duke Ellington Sessions,Jazz,440.wav
Wynton Marsalis,Much Later,J Mood,Jazz,441.wav
Bill Evans Trio,My Foolish Heart,Waltz For Debby [Original Jazz Classics Remasters] (OJC Remaster),Jazz,442.wav
"Duke Ellington, John Coltrane",My Little Brown Book,Duke Ellington & John Coltrane,Jazz,443.wav
Chick Corea,My One And Only Love - Digitally Remastered,The Best Of Chick Corea,Jazz,444.wav
Gene Ammons,My Romance,Boss Tenor,Jazz,445.wav
Lonnie Liston Smith,Mystic Woman,Dreams Of Tomorrow,Jazz,446.wav
Arthur Verocai,Na Boca do Sol,Arthur Verocai,Jazz,447.wav
John Coltrane,Naima,Giant Steps (Deluxe Edition),Jazz,448.wav
Horace Silver Quintet,Nutville,Hard Bop Classics,Jazz,449.wav
"Xavier Davis, Carl Allen, Dwayne Burno",Old Folks,Dance of Life,Jazz,450.wav
Miles Davis,On Green Dolphin Street,Kind Of Blue (Legacy Edition),Jazz,451.wav
John Coltrane,Paul's Pal,The Believer,Jazz,452.wav
Bud Powell,Polka Dots And Moonbeams - 1998 Digital Remaster,The Amazing Bud Powell: Vol. 2 (The Rudy Van Gelder Edition),Jazz,453.wav
"Thelonious Monk, John Coltrane","Ruby, My Dear",Thelonious Monk with John Coltrane (OJC Remaster),Jazz,454.wav
The Cannonball Adderley Quintet,Sack O' Woe (Remix) [Live],Hard Bop Classics,Jazz,455.wav
Art Tatum,Smoke Gets in Your Eyes,130 Most Beautiful Jazz Standards Ever (Instrumental Version for Jazz Lovers),Jazz,456.wav
John Moulder,Soul in Twilight,Earthborn Tales of Soul and Spirit,Jazz,457.wav
The Dave Brubeck Quartet,Strange Meadow Lark,Time Out,Jazz,458.wav
"Louis Armstrong, Ella Fitzgerald",Summertime,Porgy And Bess,Jazz,459.wav
"Walter Page, Buck Clayton, Buster Smith, Count Basie, Dan Minor, Earl Warren, Ed Lewis, Eddie Durham, Freddie Green, George Hunt, Herschel Evans, Jack Washington, Jo Jones, Lester Young, Bobby Moore",Swinging The Blues: Topsy,Count Basie: Swinging the Blues,Jazz,460.wav
The Dave Brubeck Quartet,Take Five,Time Out,Jazz,461.wav
Dave Brubeck,Take Five,On Time,Jazz,462.wav
Joshua Redman,The Folks Who Live on the Hill,Walking Shadows,Jazz,463.wav
"Stan Getz, JoÌ£o Gilberto, Astrud Gilberto",The Girl From Ipanema - Stereo Version,Getz/Gilberto (Expanded Edition),Jazz,464.wav
Nicholas Payton,The Last Goodbye,Payton's Place,Jazz,465.wav
Marcus Roberts,The Man I Love,Gershwin For Lovers,Jazz,466.wav
Quincy Jones,The Midnight Sun Will Never Set,I Dig Dancers,Jazz,467.wav
"Anthony Wonsey Trio, Richie Goods, Tony Reedus",The Peacocks,Blues For Hiroshi,Jazz,468.wav
"Chris Botti, Paula Cole",The Very Thought Of You,Italia,Jazz,469.wav
John Tesh,The Way You Look Tonight,Big Band,Jazz,470.wav
John Coltrane,Time After Time,The Very Best Of Jazz - John Coltrane,Jazz,471.wav
Roy Hargrove,Trust,Nothing Serious,Jazz,472.wav
Alice Coltrane,Turiya & Ramakrishna,Ptah The El Daoud,Jazz,473.wav
Wynton Marsalis,When It's Sleepytime Down South,Standards & Ballads,Jazz,474.wav
McCoy Tyner,When Sunny Gets Blue,Today And Tomorrow,Jazz,475.wav
Brad Mehldau Trio,Where Do You Start,Where Do You Start,Jazz,476.wav
"Charlie Parker, Miles Davis",Yardbird Suite,"Charlie Parker, Miles Davis & Friends",Jazz,477.wav
Michael BublÌ©,You Make Me Feel So Young,To Be Loved,Jazz,478.wav
Bill Evans Trio,Young and Foolish,Everybody Digs Bill Evans,Jazz,479.wav
Phoenix,1901,Wolfgang Amadeus Phoenix,Rock,480.wav
The Beatles,A Day In The Life - Remastered,Sgt. Pepper's Lonely Hearts Club Band (Remastered),Rock,481.wav
Vampire Weekend,A-Punk,Vampire Weekend,Rock,482.wav
AC/DC,Danger,Fly On the Wall,Rock,483.wav
AC/DC,You Shook Me All Night Long,Who Made Who,Rock,484.wav
LCD Soundsystem,All My Friends,Sound Of Silver,Rock,485.wav
Jethro Tull,Aqualung,Aqualung,Rock,486.wav
The Shins,Australia,Wincing The Night Away,Rock,487.wav
The Who,Baba O'Riley,Who's Next (Deluxe Edition),Rock,488.wav
King Krule,Baby Blue,6 Feet Beneath The Moon,Rock,489.wav
Future Islands,Balance,On the Water,Rock,490.wav
Bloc Party,Banquet,Silent Alarm (U.S. Version),Rock,491.wav
Beach Fossils,Adversity,What A Pleasure,Rock,492.wav
Beach House,Lover Of Mine,Teen Dream,Rock,493.wav
Queen,Bohemian Rhapsody,A Night At The Opera (Deluxe Remastered Version),Rock,494.wav
Best Coast,Boyfriend,Crazy For You,Rock,495.wav
The Mamas & The Papas,California Dreamin' - Single Version,If You Can Believe Your Eyes & Ears,Rock,496.wav
Built To Spill,Carry The Zero,Keep It Like A Secret,Rock,497.wav
Cage The Elephant,Cigarette Daydreams,Melophobia,Rock,498.wav
The Cure,Close To Me - Remastered,The Head On The Door,Rock,499.wav
David Bowie,Let's Dance (Single Version),Nothing Has Changed The Very Best of Bowie (CD2),Rock,500.wav
Matt and Kim,Daylight,Grand,Rock,501.wav
Deerhunter,Snow Dogs,Carve Your Initials Into The Wall Of The Night (EP),Rock,502.wav
Arctic Monkeys,Do I Wanna Know?,AM,Rock,503.wav
Steely Dan,Do It Again,Can't Buy A Thrill,Rock,504.wav
The Flaming Lips,Do You Realize??,Yoshimi Battles The Pink Robots (U.S. Version),Rock,505.wav
Aerosmith,Dream On,Aerosmith,Rock,506.wav
Beck,E-Pro,Guero,Rock,507.wav
King Krule,Easy Easy,6 Feet Beneath The Moon,Rock,508.wav
MGMT,Electric Feel,Oracular Spectacular,Rock,509.wav
Tame Impala,Eventually,Currents,Rock,510.wav
Electric Light Orchestra,Evil Woman,The Essential Electric Light Orchestra,Rock,511.wav
Dinosaur Jr.,Feel The Pain - 2007 Remastered Version,Without A Sound,Rock,512.wav
Best Coast,Feeling Ok,California Nights,Rock,513.wav
The White Stripes,Fell In Love With A Girl,White Blood Cells,Rock,514.wav
Modest Mouse,Float On,Good News For People Who Love Bad News,Rock,515.wav
Surfer Blood,Floating Vibes,Astro Coast,Rock,516.wav
Foo Fighters,Best of You,In Your Honor,Rock,517.wav
Creedence Clearwater Revival,Fortunate Son,Willy And The Poor Boys (40th Anniversary Edition),Rock,518.wav
"Emerson, Lake & Palmer",From the Beginning,Trilogy,Rock,519.wav
The Rapture,Get Myself Into It,Pieces Of The People We Love,Rock,520.wav
Beck,Girl,Guero,Rock,521.wav
Cults,Go Outside,Cults,Rock,522.wav
Fleetwood Mac,Go Your Own Way - 2004 Remastered Edition,Rumours (Super Deluxe),Rock,523.wav
Guns N' Roses,Chinese Democracy,Chinese Democracy,Rock,524.wav
Guns N' Roses,Dont Cry,Greatest Hits,Rock,525.wav
My Morning Jacket,Holdin On To Black Metal,Circuital,Rock,526.wav
Foxygen,How Can You Really,‰Û_And Star Power,Rock,527.wav
DIIV,How Long Have You Known,Oshin,Rock,528.wav
Melody's Echo Chamber,I Follow You,Melody's Echo Chamber,Rock,529.wav
Real Estate,It's Real,Days,Rock,530.wav
The Strokes,Last Nite,Is This It,Rock,531.wav
Tame Impala,Let It Happen,Currents,Rock,532.wav
The Drums,Lets Go Surfing,The Drums,Rock,533.wav
Phoenix,Lisztomania,Wolfgang Amadeus Phoenix,Rock,534.wav
Passion Pit,Little Secrets,Manners,Rock,535.wav
Beck,Loser,Mellow Gold,Rock,536.wav
Joy Division,Love Will Tear Us Apart - 2010 Remastered Version,Substance,Rock,537.wav
The Beatles,Lucy In The Sky With Diamonds - Remastered,Sgt. Pepper's Lonely Hearts Club Band (Remastered),Rock,538.wav
Mac Demarco,Let Her Go,Salad Days,Rock,539.wav
Mac Demarco,Salad Days,Salad Days,Rock,540.wav
The Police,Message In A Bottle - Remastered 2003,Reggatta De Blanc,Rock,541.wav
Pink Floyd,Money,The Dark Side of the Moon,Rock,542.wav
Unknown Mortal Orchestra,Multi-Love,Multi-Love,Rock,543.wav
Muse,Knights of Cydonia,Black Holes and Revelations,Rock,544.wav
!!!,Must Be The Moon,Myth Takes,Rock,545.wav
The Who,My Generation - Stereo Version,My Generation,Rock,546.wav
Fleet Foxes,Mykonos,Sun Giant,Rock,547.wav
The Kooks,Naive,Inside In / Inside Out,Rock,548.wav
Nirvana,Dumb,In Utero,Rock,549.wav
Best Coast,Our Deal,Crazy For You,Rock,550.wav
The Rolling Stones,Paint It Black - (Original Single Mono Version),The Rolling Stones Singles Collection: The London Years (Remastered),Rock,551.wav
Black Sabbath,Paranoid - 2009 Remastered Version,We Sold Our Soul for Rock 'n' Roll,Rock,552.wav
!!!,Pardon My Freedom,Louden Up Now,Rock,553.wav
The Rapture,Pieces Of The People We Love,Pieces Of The People We Love,Rock,554.wav
Pink Floyd,Time,Dark Side Of The Moon ,Rock,555.wav
Radiohead,Creep (radio edit),Pablo Honey,Rock,556.wav
Radiohead,Karma Police,OK Computer,Rock,557.wav
The Allman Brothers Band,Ramblin' Man,Brothers And Sisters (Deluxe Edition),Rock,558.wav
Real Estate,Talking Backwards,Kupak's 2014 Top 50,Rock,559.wav
Arcade Fire,Rebellion (Lies),Funeral,Rock,560.wav
The War On Drugs,Red Eyes,Lost In The Dream,Rock,561.wav
Steely Dan,Reelin' In The Years,Can't Buy A Thrill,Rock,562.wav
Deerhunter,Revival,Halcyon Digest,Rock,563.wav
Sleigh Bells,Rill Rill,Treats,Rock,564.wav
KISS,Rock And Roll All Nite,Dressed To Kill (Remastered Version),Rock,565.wav
Elton John,Rocket Man (I Think It's Going To Be A Long Long Time),Honky Chateau (Remastered),Rock,566.wav
The Rolling Stones ,I'm Not Signifying,Exile On Main Street,Rock,567.wav
Yes,Roundabout - Remastered Version,Fragile (Deluxe Version),Rock,568.wav
The Police,Roxanne - Remastered 2003,Outlandos D'Amour,Rock,569.wav
Tom Petty and the Heartbreakers,Runnin' Down A Dream,Anthology: Through The Years,Rock,570.wav
The White Stripes,Seven Nation Army,Elephant,Rock,571.wav
The Flaming Lips,She Don't Use Jelly,Transmissions From The Satellite Heart,Rock,572.wav
Deep Purple,Smoke On The Water,Machine Head,Rock,573.wav
The Strokes,Someday,Is This It,Rock,574.wav
The Rolling Stones,Start Me Up - Remastered 2009,Tattoo You (2009 Re-Mastered),Rock,575.wav
Cream,Sunshine Of Your Love,Disraeli Gears (Remastered),Rock,576.wav
Guns N' Roses,Sweet Child O' Mine,Appetite For Destruction,Rock,577.wav
Passion Pit,Take a Walk,Gossamer,Rock,578.wav
Tame Impala,The Less I Know The Better,Currents,Rock,579.wav
The Beach Boys,Feel Flows,Surf's Up,Rock,580.wav
Built To Spill,The Plan,Keep It Like A Secret,Rock,581.wav
Arcade Fire,The Suburbs,The Suburbs,Rock,582.wav
Modest Mouse,The World At Large,Good News For People Who Love Bad News,Rock,583.wav
The Black Keys,Tighten Up,Brothers (Deluxe Edition),Rock,584.wav
Rush,Tom Sawyer,Moving Pictures (2011 Remaster),Rock,585.wav
Electric Light Orchestra,Turn to Stone,Out of the Blue,Rock,586.wav
Grizzly Bear,Two Weeks,Veckatimest,Rock,587.wav
Unknown Mortal Orchestra,Can‰Ûªt Keep Checking My Phone,Multi-Love,Rock,588.wav
Smith Westerns,Weekend,Dye It Blonde,Rock,589.wav
Guns N' Roses,Welcome To The Jungle,Appetite For Destruction,Rock,590.wav
The Killers,When You Were Young,Sam's Town,Rock,591.wav
Fleet Foxes,White Winter Hymnal,Fleet Foxes,Rock,592.wav
Local Natives,Wide Eyes,Gorilla Manor,Rock,593.wav
U2,With Or Without You,The Joshua Tree (Deluxe),Rock,594.wav
TV On The Radio,Wolf Like Me,Return To Cookie Mountain,Rock,595.wav
Wolfmother,Woman,Wolfmother,Rock,596.wav
Grizzly Bear,Yet Again,Shields,Rock,597.wav
Cults,You Know What I Mean,Cults,Rock,598.wav
Peter Bjorn and John,Young Folks,Writer's Block,Rock,599.wav